driverId,driverRef,number,forename,surname,dob,nationality
1,hamilton,44,Lewis,Hamilton,1985-01-07,British
2,heidfeld,,Nick,Heidfeld,1977-05-10,German
3,rosberg,6,Nico,Rosberg,1985-06-27,German
4,alonso,14,Fernando,Alonso,1981-07-29,Spanish
5,kovalainen,,Heikki,Kovalainen,1981-10-19,Finnish
6,nakajima,,Kazuki,Nakajima,1985-01-11,Japanese
7,bourdais,,Sébastien,Bourdais,1979-02-28,French
8,raikkonen,7,Kimi,Räikkönen,1979-10-17,Finnish
9,kubica,88,Robert,Kubica,1984-12-07,Polish
10,glock,,Timo,Glock,1982-03-18,German
11,sato,,Takuma,Sato,1977-01-28,Japanese
12,piquet_jr,,Nelson,Piquet Jr.,1985-07-25,Brazilian
13,massa,19,Felipe,Massa,1981-04-25,Brazilian
14,coulthard,,David,Coulthard,1971-03-27,British
15,trulli,,Jarno,Trulli,1974-07-13,Italian
16,sutil,99,Adrian,Sutil,1983-01-11,German
17,webber,,Mark,Webber,1976-08-27,Australian
18,button,22,Jenson,Button,1980-01-19,British
19,davidson,,Anthony,Davidson,1979-04-18,British
20,vettel,5,Sebastian,Vettel,1987-07-03,German
21,fisichella,,Giancarlo,Fisichella,1973-01-14,Italian
22,barrichello,,Rubens,Barrichello,1972-05-23,Brazilian
23,ralf_schumacher,,Ralf,Schumacher,1975-06-30,German
24,liuzzi,,Vitantonio,Liuzzi,1980-08-06,Italian
25,wurz,,Alexander,Wurz,1974-02-15,Austrian
26,speed,,Scott,Speed,1983-01-24,American
27,albers,,Christijan,Albers,1979-04-16,Dutch
28,markus_winkelhock,,Markus,Winkelhock,1980-06-13,German
29,yamamoto,,Sakon,Yamamoto,1982-07-09,Japanese
30,michael_schumacher,,Michael,Schumacher,1969-01-03,German
31,montoya,,Juan,Pablo Montoya,1975-09-20,Colombian
32,klien,,Christian,Klien,1983-02-07,Austrian
33,monteiro,,Tiago,Monteiro,1976-07-24,Portuguese
34,ide,,Yuji,Ide,1975-01-21,Japanese
35,villeneuve,,Jacques,Villeneuve,1971-04-09,Canadian
36,montagny,,Franck,Montagny,1978-01-05,French
37,rosa,,Pedro,de la Rosa,1971-02-24,Spanish
38,doornbos,,Robert,Doornbos,1981-09-23,Dutch
39,karthikeyan,,Narain,Karthikeyan,1977-01-14,Indian
67,buemi,,Sébastien,Buemi,1988-10-31,Swiss
69,badoer,,Luca,Badoer,1971-01-25,Italian
153,alguersuari,,Jaime,Alguersuari,1990-03-23,Spanish
154,grosjean,8,Romain,Grosjean,1986-04-17,French
155,kobayashi,10,Kamui,Kobayashi,1986-09-13,Japanese
842,gasly,10,Pierre,Gasly,1996-02-07,French
807,hulkenberg,27,Nico,Hülkenberg,1987-08-19,German
808,petrov,,Vitaly,Petrov,1984-09-08,Russian
810,grassi,,Lucas,di Grassi,1984-08-11,Brazilian
811,bruno_senna,,Bruno,Senna,1983-10-15,Brazilian
812,chandhok,,Karun,Chandhok,1984-01-19,Indian
813,maldonado,13,Pastor,Maldonado,1985-03-09,Venezuelan
814,resta,,Paul,di Resta,1986-04-16,British
815,perez,11,Sergio,Pérez,1990-01-26,Mexican
816,ambrosio,,Jérôme,d'Ambrosio,1985-12-27,Belgian
817,ricciardo,3,Daniel,Ricciardo,1989-07-01,Australian
818,vergne,25,Jean-Éric,Vergne,1990-04-25,French
819,pic,,Charles,Pic,1990-02-15,French
820,chilton,4,Max,Chilton,1991-04-21,British
821,gutierrez,21,Esteban,Gutiérrez,1991-08-05,Mexican
822,bottas,77,Valtteri,Bottas,1989-08-28,Finnish
823,garde,,Giedo,van der Garde,1985-04-25,Dutch
824,jules_bianchi,17,Jules,Bianchi,1989-08-03,French
825,kevin_magnussen,20,Kevin,Magnussen,1992-10-05,Danish
826,kvyat,26,Daniil,Kvyat,1994-04-26,Russian
827,lotterer,45,André,Lotterer,1981-11-19,German
828,ericsson,9,Marcus,Ericsson,1990-09-02,Swedish
829,stevens,28,Will,Stevens,1991-06-28,British
830,max_verstappen,33,Max,Verstappen,1997-09-30,Dutch
831,nasr,12,Felipe,Nasr,1992-08-21,Brazilian
832,sainz,55,Carlos,Sainz,1994-09-01,Spanish
833,merhi,98,Roberto,Merhi,1991-03-22,Spanish
834,rossi,53,Alexander,Rossi,1991-09-25,American
835,jolyon_palmer,30,Jolyon,Palmer,1991-01-20,British
836,wehrlein,94,Pascal,Wehrlein,1994-10-18,German
837,haryanto,88,Rio,Haryanto,1993-01-22,Indonesian
838,vandoorne,2,Stoffel,Vandoorne,1992-03-26,Belgian
839,ocon,31,Esteban,Ocon,1996-09-17,French
840,stroll,18,Lance,Stroll,1998-10-29,Canadian
841,giovinazzi,99,Antonio,Giovinazzi,1993-12-14,Italian
843,brendon_hartley,28,Brendon,Hartley,1989-11-10,New Zealander
844,leclerc,16,Charles,Leclerc,1997-10-16,Monegasque
845,sirotkin,35,Sergey,Sirotkin,1995-08-27,Russian
846,norris,4,Lando,Norris,1999-11-13,British
847,russell,63,George,Russell,1998-02-15,British
848,albon,23,Alexander,Albon,1996-03-23,Thai
849,latifi,6,Nicholas,Latifi,1995-06-29,Canadian
850,pietro_fittipaldi,51,Pietro,Fittipaldi,1996-06-25,Brazilian
851,aitken,89,Jack,Aitken,1995-09-23,British
852,tsunoda,22,Yuki,Tsunoda,2000-05-11,Japanese
853,mazepin,9,Nikita,Mazepin,1999-03-02,Russian
854,mick_schumacher,47,Mick,Schumacher,1999-03-22,German
855,zhou,24,Guanyu,Zhou,1999-05-30,Chinese
856,de_vries,45,Nyck,de Vries,1995-02-06,Dutch
